{
    "spending_by_category": {
        "TRAVEL": 174500.0,
        "FOOD_AND_DRINK": 88406.74000000021,
        "GENERAL_MERCHANDISE": 46679.00000000001,
        "TRANSPORTATION": 117.30000000000001,
        "INCOME": 42.199999999999996,
        "LOAN_PAYMENTS": 338913.5,
        "PERSONAL_CARE": 785.0,
        "ENTERTAINMENT": 5000.0,
        "GENERAL_SERVICES": 117000.0,
        "OTHER": 1133654.6899999995,
        "TRANSFER_OUT": 161000.0
    },
    "spending_by_merchant": {
        "United Airlines": {
            "total": 10000.0,
            "count": 20
        },
        "McDonald's": {
            "total": 120.0,
            "count": 10
        },
        "Starbucks": {
            "total": 43.29999999999999,
            "count": 10
        },
        "FUN": {
            "total": 893.9999999999999,
            "count": 10
        },
        "Uber": {
            "total": 117.30000000000001,
            "count": 20
        },
        "Unknown": {
            "total": 2049923.8299999933,
            "count": 2718
        },
        "KFC": {
            "total": 5000.0,
            "count": 10
        }
    },
    "monthly_trends": {
        "2025-04": 80447.80000000005,
        "2025-03": 112952.45999999999,
        "2025-02": 81575.76000000002,
        "2025-01": 81575.76000000002,
        "2024-12": 81575.76000000002,
        "2024-11": 81575.76000000002,
        "2024-10": 85075.76000000002,
        "2024-09": 81575.76000000002,
        "2024-08": 103125.26000000001,
        "2024-07": 81575.76000000002,
        "2024-06": 81575.76000000002,
        "2024-05": 81575.76000000002,
        "2024-04": 81575.76000000002,
        "2024-03": 81575.76000000002,
        "2024-02": 81575.76000000002,
        "2024-01": 81575.76000000002,
        "2023-12": 81575.76000000002,
        "2023-11": 81575.76000000002,
        "2023-10": 81575.76000000002,
        "2023-09": 81575.76000000002,
        "2023-08": 81575.76000000002,
        "2023-07": 81575.76000000002,
        "2023-06": 81575.76000000002,
        "2023-05": 81575.76000000002,
        "2023-04": 52981.95000000002
    },
    "account_type_analysis": {
        "depository - checking": {
            "count": 1054,
            "total": 109825.76999999992
        },
        "depository - savings": {
            "count": 349,
            "total": 5026.159999999995
        },
        "depository - cd": {
            "count": 181,
            "total": 181000.0
        },
        "credit - credit card": {
            "count": 1033,
            "total": 711396.5
        },
        "depository - money market": {
            "count": 181,
            "total": 1058850.0
        }
    },
    "income_vs_expenses": {
        "income": 1976347.2699999977,
        "expenses": 89751.16000000015
    },
    "cash_flow": {
        "2025-04-17": -4215.0,
        "2025-04-16": 163.3,
        "2025-04-15": 893.9999999999999,
        "2025-04-02": 63.29999999999999,
        "2025-03-20": 304.0,
        "2025-04-14": -42.199999999999996,
        "2025-04-18": 68500.0,
        "2025-03-19": 68500.0,
        "2025-04-04": 5000.0,
        "2025-03-30": 5000.0,
        "2025-03-29": 30785.0,
        "2025-03-18": -2950.5,
        "2025-03-17": 114.30999999999999,
        "2025-03-16": 625.8,
        "2025-03-03": 44.309999999999995,
        "2025-02-18": 212.8,
        "2025-02-16": -2950.5,
        "2025-02-15": 114.30999999999999,
        "2025-02-14": 625.8,
        "2025-02-01": 44.309999999999995,
        "2025-01-19": 212.8,
        "2025-01-17": -2950.5,
        "2025-01-16": 114.30999999999999,
        "2025-01-15": 625.8,
        "2025-01-02": 44.309999999999995,
        "2024-12-20": 212.8,
        "2024-12-18": -2950.5,
        "2024-12-17": 114.30999999999999,
        "2024-12-16": 625.8,
        "2024-12-03": 44.309999999999995,
        "2024-11-20": 212.8,
        "2024-11-18": -2950.5,
        "2024-11-17": 114.30999999999999,
        "2024-11-16": 625.8,
        "2024-11-03": 44.309999999999995,
        "2024-10-21": 212.8,
        "2024-10-19": -2950.5,
        "2024-10-18": 114.30999999999999,
        "2024-10-17": 625.8,
        "2024-10-04": 44.309999999999995,
        "2024-09-21": 212.8,
        "2024-09-19": -2950.5,
        "2024-09-18": 114.30999999999999,
        "2024-09-17": 625.8,
        "2024-09-04": 44.309999999999995,
        "2024-08-22": 212.8,
        "2024-08-20": -2950.5,
        "2024-08-19": 114.30999999999999,
        "2024-08-18": 625.8,
        "2024-08-05": 44.309999999999995,
        "2024-07-23": 212.8,
        "2024-07-21": -2950.5,
        "2024-07-20": 114.30999999999999,
        "2024-07-19": 625.8,
        "2024-07-06": 44.309999999999995,
        "2024-06-23": 212.8,
        "2024-06-21": -2950.5,
        "2024-06-20": 114.30999999999999,
        "2024-06-19": 625.8,
        "2024-06-06": 44.309999999999995,
        "2024-05-24": 212.8,
        "2024-05-22": -2950.5,
        "2024-05-21": 114.30999999999999,
        "2024-05-20": 625.8,
        "2024-05-07": 44.309999999999995,
        "2024-04-24": 212.8,
        "2024-04-22": -2950.5,
        "2024-04-21": 114.30999999999999,
        "2024-04-20": 625.8,
        "2024-04-07": 44.309999999999995,
        "2024-03-25": 212.8,
        "2024-03-23": -2950.5,
        "2024-03-22": 114.30999999999999,
        "2024-03-21": 625.8,
        "2024-03-08": 44.309999999999995,
        "2024-02-24": 212.8,
        "2024-02-22": -2950.5,
        "2024-02-21": 114.30999999999999,
        "2024-02-20": 625.8,
        "2024-02-07": 44.309999999999995,
        "2024-01-25": 212.8,
        "2024-01-23": -2950.5,
        "2024-01-22": 114.30999999999999,
        "2024-01-21": 625.8,
        "2024-01-08": 44.309999999999995,
        "2023-12-26": 212.8,
        "2023-12-24": -2950.5,
        "2023-12-23": 114.30999999999999,
        "2023-12-22": 625.8,
        "2023-12-09": 44.309999999999995,
        "2023-11-26": 212.8,
        "2023-11-24": -2950.5,
        "2023-11-23": 114.30999999999999,
        "2023-11-22": 625.8,
        "2023-11-09": 44.309999999999995,
        "2023-10-27": 212.8,
        "2023-10-25": -2950.5,
        "2023-10-24": 114.30999999999999,
        "2023-10-23": 625.8,
        "2023-10-10": 44.309999999999995,
        "2023-09-27": 212.8,
        "2023-09-25": -2950.5,
        "2023-09-24": 114.30999999999999,
        "2023-09-23": 625.8,
        "2023-09-10": 44.309999999999995,
        "2023-08-28": 212.8,
        "2023-08-26": -2950.5,
        "2023-08-25": 114.30999999999999,
        "2023-08-24": 625.8,
        "2023-08-11": 44.309999999999995,
        "2023-07-29": 212.8,
        "2023-07-27": -2950.5,
        "2023-07-26": 114.30999999999999,
        "2023-07-25": 625.8,
        "2023-07-12": 44.309999999999995,
        "2023-06-29": 212.8,
        "2023-06-27": -2950.5,
        "2023-06-26": 114.30999999999999,
        "2023-06-25": 625.8,
        "2023-06-12": 44.309999999999995,
        "2023-05-30": 212.8,
        "2023-05-28": -2950.5,
        "2023-05-27": 114.30999999999999,
        "2023-05-26": 625.8,
        "2023-05-13": 44.309999999999995,
        "2023-04-30": 212.8,
        "2023-04-28": -2950.5,
        "2023-04-27": 114.30999999999999,
        "2023-04-26": 625.8,
        "2025-03-15": -29.539999999999996,
        "2025-02-13": -29.539999999999996,
        "2025-01-14": -29.539999999999996,
        "2024-12-15": -29.539999999999996,
        "2024-11-15": -29.539999999999996,
        "2024-10-16": -29.539999999999996,
        "2024-09-16": -29.539999999999996,
        "2024-08-17": -29.539999999999996,
        "2024-07-18": -29.539999999999996,
        "2024-06-18": -29.539999999999996,
        "2024-05-19": -29.539999999999996,
        "2024-04-19": -29.539999999999996,
        "2024-03-20": -29.539999999999996,
        "2024-02-19": -29.539999999999996,
        "2024-01-20": -29.539999999999996,
        "2023-12-21": -29.539999999999996,
        "2023-11-21": -29.539999999999996,